smiles,canonical_smiles,mol_wt,rdkit_logp,hbd,hba,tpsa,rot_bonds,rings,heavy_atoms,qed,ro5_violations,murcko_scaffold,pass_mw_filter,pass_logp_filter,pass_tpsa_filter,pass_hbd_filter,pass_hba_filter,pass_rot_bonds_filter,pass_heavy_atoms_filter,pass_ro5_filter,pass_qed_filter,n_basic_filter_failures,pass_basic_chemical_filter,predicted_pIC50,predicted_active,predicted_strong_active,max_tanimoto_training,nearest_training_smiles,training_similarity_bin,stereo_centers,PAINS_alert,BRENK_alert,NIH_alert,AMES,BBB_Martins,Bioavailability_Ma,CYP1A2_Veith,CYP2C19_Veith,CYP2C9_Substrate_CarbonMangels,CYP2C9_Veith,CYP2D6_Substrate_CarbonMangels,CYP2D6_Veith,CYP3A4_Substrate_CarbonMangels,CYP3A4_Veith,Carcinogens_Lagunin,ClinTox,DILI,HIA_Hou,NR-AR-LBD,NR-AR,NR-AhR,NR-Aromatase,NR-ER-LBD,NR-ER,NR-PPAR-gamma,PAMPA_NCATS,Pgp_Broccatelli,SR-ARE,SR-ATAD5,SR-HSE,SR-MMP,SR-p53,Skin_Reaction,hERG,Caco2_Wang,Clearance_Hepatocyte_AZ,Clearance_Microsome_AZ,Half_Life_Obach,HydrationFreeEnergy_FreeSolv,LD50_Zhu,Lipophilicity_AstraZeneca,PPBR_AZ,Solubility_AqSolDB,VDss_Lombardo,stereo_centers_drugbank_approved_percentile,PAINS_alert_drugbank_approved_percentile,BRENK_alert_drugbank_approved_percentile,NIH_alert_drugbank_approved_percentile,AMES_drugbank_approved_percentile,BBB_Martins_drugbank_approved_percentile,Bioavailability_Ma_drugbank_approved_percentile,CYP1A2_Veith_drugbank_approved_percentile,CYP2C19_Veith_drugbank_approved_percentile,CYP2C9_Substrate_CarbonMangels_drugbank_approved_percentile,CYP2C9_Veith_drugbank_approved_percentile,CYP2D6_Substrate_CarbonMangels_drugbank_approved_percentile,CYP2D6_Veith_drugbank_approved_percentile,CYP3A4_Substrate_CarbonMangels_drugbank_approved_percentile,CYP3A4_Veith_drugbank_approved_percentile,Carcinogens_Lagunin_drugbank_approved_percentile,ClinTox_drugbank_approved_percentile,DILI_drugbank_approved_percentile,HIA_Hou_drugbank_approved_percentile,NR-AR-LBD_drugbank_approved_percentile,NR-AR_drugbank_approved_percentile,NR-AhR_drugbank_approved_percentile,NR-Aromatase_drugbank_approved_percentile,NR-ER-LBD_drugbank_approved_percentile,NR-ER_drugbank_approved_percentile,NR-PPAR-gamma_drugbank_approved_percentile,PAMPA_NCATS_drugbank_approved_percentile,Pgp_Broccatelli_drugbank_approved_percentile,SR-ARE_drugbank_approved_percentile,SR-ATAD5_drugbank_approved_percentile,SR-HSE_drugbank_approved_percentile,SR-MMP_drugbank_approved_percentile,SR-p53_drugbank_approved_percentile,Skin_Reaction_drugbank_approved_percentile,hERG_drugbank_approved_percentile,Caco2_Wang_drugbank_approved_percentile,Clearance_Hepatocyte_AZ_drugbank_approved_percentile,Clearance_Microsome_AZ_drugbank_approved_percentile,Half_Life_Obach_drugbank_approved_percentile,HydrationFreeEnergy_FreeSolv_drugbank_approved_percentile,LD50_Zhu_drugbank_approved_percentile,Lipophilicity_AstraZeneca_drugbank_approved_percentile,PPBR_AZ_drugbank_approved_percentile,Solubility_AqSolDB_drugbank_approved_percentile,VDss_Lombardo_drugbank_approved_percentile,pass_PAINS_alert,pass_NIH_alert,pass_BRENK_alert,pass_AMES,pass_ClinTox,pass_Carcinogens_Lagunin,pass_hERG,pass_Bioavailability_Ma,pass_HIA_Hou,admet_hard_pass_count,admet_hard_pass_fraction,admet_hard_pass_all,admet_score,is_exact_training_match,flag_near_copy_training,flag_too_far_training,flag_good_training_window,score_activity,score_training_similarity,score_qed,score_ro5,score_admet,score_admet_hard,reward_score
Nc1ncnc2cc(N3CC(=O)N(C4COC4)CCN3c3cc(NC(=O)Nc4cccc(Cl)c4)ncn3)ccc12,Nc1ncnc2cc(N3CC(=O)N(C4COC4)CCN3c3cc(NC(=O)Nc4cccc(Cl)c4)ncn3)ccc12,561.0060000000001,2.7683999999999997,3,10,154.72999999999996,5,6,40,0.3316158702709843,1,O=C(Nc1ccccc1)Nc1cc(N2CCN(C3COC3)C(=O)CN2c2ccc3cncnc3c2)ncn1,True,True,True,True,True,True,True,True,True,0,True,6.764089756888381,True,False,0.33707865168539325,C=CC(=O)Nc1ccc2c(Nc3cccc(Cl)c3)ncnc2c1,0.25-0.35 lejanas,0,0,0,1,0.16719753,0.16555469,0.86309594,0.019196125,0.07785903,0.14449184,0.1379092,0.007610193,0.017704958,0.4224503,0.43250507,0.13401419,0.3992702,0.9973291,0.9936638,0.0057582306,0.022873502,0.3899827,0.15336637,0.0118711535,0.11929883,0.006637045,0.27123842,0.20880191,0.38785407,0.13420834,0.015897768,0.2277035,0.25384206,0.039098967,0.6647577,-5.5786414,14.662252,25.287579,84.889336,-23.41267,2.4262383,2.7386498,91.34956,-4.9617205,9.244301,22.601054481546576,47.59226713532514,25.869947275922673,83.09314586994728,40.702987697715294,11.388400702987699,66.71353251318102,36.59050966608085,47.59226713532514,54.059753954305805,70.61511423550088,11.70474516695958,33.25131810193322,48.1195079086116,79.85940246045695,41.30052724077329,86.25659050966608,99.6133567662566,42.81195079086116,31.3884007029877,45.799648506151144,90.08787346221442,82.24956063268894,40.105448154657296,65.97539543057997,50.72056239015818,25.27240773286468,63.02284710017575,77.22319859402461,89.8066783831283,50.26362038664324,75.50087873462215,88.11950790861161,0.7732864674868191,70.57996485061513,22.1792618629174,31.036906854130056,49.876977152899826,92.65377855887523,11.282952548330405,48.75219683655536,75.00878734622145,71.81019332161688,15.043936731107207,88.36555360281196,True,False,True,True,True,True,False,True,True,7,0.7777777777777778,False,0.3494068541300526,False,False,False,False,0.5093931712589205,0.9630818619582665,0.3316158702709843,0.5,0.3494068541300526,0.7777777777777778,0.5446817598158521
O=[N+]([O-])c1ccnc(NS(=O)(=O)c2cncnc2)c1,O=[N+]([O-])c1ccnc(NS(=O)(=O)c2cncnc2)c1,281.253,0.5805999999999998,1,7,127.97999999999999,4,2,19,0.6406577525840016,0,O=S(=O)(Nc1ccccn1)c1cncnc1,True,True,True,True,True,True,True,True,True,0,True,6.098299947777499,True,False,0.3793103448275862,CNS(=O)(=O)c1cccc(Nc2cc(Nc3cccc([N+](=O)[O-])c3)ncn2)c1,0.35-0.50 novedosas razonables,0,0,2,0,0.003644002,0.57734394,0.9442499,0.07387872,0.10091233,0.33597705,0.12154093,0.019149488,0.0036215275,0.2675623,0.13581693,0.28106737,0.020915266,0.9872268,0.9999927,0.00024991023,0.0020700174,0.008884129,0.0068644634,0.0003165849,0.014666247,8.751564e-05,0.6441382,0.0027871667,0.013116138,0.00026384025,0.0014340596,0.0012717104,0.00076123717,0.06601994,0.040036142,-5.2100954,16.741749,2.6902251,5.0786214,-14.853824,1.7420431,-0.62498724,67.41638,-2.390502,0.03490472,22.601054481546576,47.59226713532514,87.9261862917399,37.188049209138846,0.9841827768014061,38.840070298769774,94.34094903339192,51.21265377855888,52.056239015817226,91.24780316344464,68.43585237258348,17.3286467486819,11.599297012302285,34.72759226713533,62.39015817223199,74.34094903339192,13.216168717047452,97.50439367311073,92.44288224956064,1.3708260105448156,1.5465729349736381,37.25834797891037,34.44639718804921,0.70298769771529,0.8084358523725835,5.377855887521969,40.878734622144115,22.39015817223199,5.272407732864675,5.30755711775044,11.70474516695958,14.586994727592268,4.639718804920914,1.616871704745167,21.511423550087876,35.21968365553603,33.21616871704745,26.713532513181022,31.212653778558877,35.782073813708266,11.669595782073815,22.10896309314587,43.33919156414763,63.93673110720563,35.289982425307564,True,True,False,True,True,True,True,True,True,8,0.8888888888888888,False,0.3406979663570172,False,False,False,True,0.06553329851833271,1.0,0.6406577525840016,1.0,0.3406979663570172,0.8888888888888888,0.5227871346033924
CC(=O)NC1CCN(C(=O)C23CC(CN2c2ncnc4cc(Cl)ccc24)C3)CC1,CC(=O)NC1CCN(C(=O)C23CC(CN2c2ncnc4cc(Cl)ccc24)C3)CC1,413.90900000000016,2.379100000000001,1,5,78.43,3,6,29,0.8353452661126919,0,O=C(N1CCCCC1)C12CC(CN1c1ncnc3ccccc13)C2,True,True,True,True,True,True,True,True,True,0,True,6.7796448305099135,True,False,0.32967032967032966,C=CC(=O)N1CCC(Oc2cc3c(Nc4ccc(Cl)cc4Cl)ncnc3cc2OC)C1,0.25-0.35 lejanas,0,0,0,0,0.21808472,0.83531904,0.86233586,0.008587612,0.1053592,0.18869744,0.055154018,0.10658212,0.01753791,0.63248384,0.26484478,0.060879767,0.21650358,0.7635148,0.99970263,0.010358872,0.030115763,0.030731773,0.027762914,0.0077118413,0.041910253,0.0055530085,0.853162,0.12913789,0.11940203,0.01604497,0.01251296,0.011782136,0.03024954,0.2102811,0.4043413,-4.952346,7.8973527,14.731107,41.729492,-15.018187,3.2785296,2.2303615,77.1769,-3.423785,9.281786,22.601054481546576,47.59226713532514,25.869947275922673,37.188049209138846,49.701230228471005,60.878734622144115,66.32688927943761,29.103690685413007,52.653778558875224,67.27592267135326,56.62565905096661,49.17398945518454,33.145869947275926,71.52899824253076,71.95079086115993,19.05096660808436,71.73989455184535,70.05272407732865,66.67838312829527,48.40070298769772,56.76625659050967,56.098418277680146,54.692442882249566,28.224956063268895,14.411247803163446,47.205623901581724,57.9261862917399,55.922671353251324,48.787346221441126,60.52724077328647,45.41300527240774,37.08260105448155,50.82601054481547,12.231985940246046,57.961335676625666,48.822495606326896,23.02284710017575,39.015817223198596,76.69595782073814,35.21968365553603,89.94727592267137,66.25659050966608,53.145869947275926,43.831282952548335,88.43585237258348,True,True,True,True,True,True,True,True,True,9,1.0,True,0.3392857142857142,False,False,False,False,0.5197632203399424,0.9419152276295134,0.8353452661126919,1.0,0.3392857142857142,1.0,0.6903751830204563
CC(=O)Nc1cc(Nc2ncnc3c2CCN(C)CC3)ccc1F,CC(=O)Nc1cc(Nc2ncnc3c2CCN(C)CC3)ccc1F,329.3790000000001,2.3481000000000005,2,5,70.14999999999999,3,3,24,0.9044503996518265,0,c1ccc(Nc2ncnc3c2CCNCC3)cc1,True,True,True,True,True,True,True,True,True,0,True,6.662007861159432,True,False,0.4342105263157895,O=C(N/N=C/c1cc(F)c(F)cc1Cl)N1CCc2ncnc(Nc3ccc(F)c(Cl)c3)c2C1,0.35-0.50 novedosas razonables,0,0,0,0,0.44061676,0.8983939,0.9637238,0.19573,0.014605212,0.11717168,0.0027371435,0.30363208,0.052055456,0.55254734,0.032746077,0.10818889,0.52685297,0.72655225,0.99920255,0.0161649,0.04211967,0.28622717,0.007549,0.0072337626,0.10132059,0.0010298121,0.86467475,0.022177491,0.06586896,0.02945747,0.0030547427,0.0134185525,0.029670577,0.26222834,0.6254061,-4.975913,8.069456,-8.1934595,34.502003,-15.187952,2.6484647,0.78672904,49.60611,-2.5580246,8.964613,22.601054481546576,47.59226713532514,25.869947275922673,37.188049209138846,73.56766256590511,68.33040421792619,98.45342706502637,65.16695957820738,21.124780316344467,43.93673110720563,16.449912126537786,77.01230228471002,49.8066783831283,61.6871704745167,45.061511423550094,32.970123022847105,93.39191564147629,67.34622144112478,58.13708260105449,60.77328646748683,70.82601054481547,86.29173989455185,35.922671353251324,26.432337434094904,57.50439367311073,19.086115992970125,59.57820738137083,39.26186291739895,33.286467486818985,69.66608084358525,19.929701230228474,38.55887521968366,50.50966608084359,16.695957820738137,68.64674868189807,47.381370826010546,23.304042179261867,16.203866432337435,71.95079086115993,34.20035149384886,62.98769771528999,42.741652021089635,27.87346221441125,60.35149384885765,87.59226713532514,True,True,True,True,False,True,False,True,True,7,0.7777777777777778,False,0.3392857142857142,False,False,False,True,0.44133857410628785,1.0,0.9044503996518265,1.0,0.3392857142857142,0.7777777777777778,0.6637040528145809
Cn1nccc1C(=O)N1CC(Nc2cncc(-c3ccc4ncnc(Nc5ccc(Cl)c(C(F)(F)F)c5)c4c3)n2)C1,Cn1nccc1C(=O)N1CC(Nc2cncc(-c3ccc4ncnc(Nc5ccc(Cl)c(C(F)(F)F)c5)c4c3)n2)C1,579.974,5.172600000000004,2,8,113.75,6,6,41,0.2831231176849081,2,O=C(c1ccn[nH]1)N1CC(Nc2cncc(-c3ccc4ncnc(Nc5ccccc5)c4c3)n2)C1,True,True,True,True,True,True,True,True,True,0,True,7.042867239720988,True,True,0.4270833333333333,C=CC(=O)N1CC(Nc2cncc(-c3cnc(Nc4ccc(F)c(Cl)c4)nc3)n2)C1,0.35-0.50 novedosas razonables,0,0,0,0,0.33095232,0.292619,0.87647027,0.8352987,0.6844826,0.09493848,0.67041206,0.039591014,0.30863643,0.7779475,0.99742764,0.08533501,0.4485787,0.99755305,0.99999726,0.00761159,0.024290245,0.9674382,0.7985315,0.026763499,0.16612189,0.011214459,0.925346,0.79544944,0.8504549,0.50508606,0.17143807,0.698902,0.431989,0.04423197,0.971135,-5.3863106,-7.2265596,29.25539,137.0088,-18.638027,3.2142205,3.7027779,96.16831,-4.900443,11.334745,22.601054481546576,47.59226713532514,25.869947275922673,37.188049209138846,63.40949033391916,18.875219683655537,70.33391915641477,92.16168717047452,91.35325131810194,35.64147627416521,94.1652021089631,26.29173989455185,77.5395430579965,90.22847100175748,99.43760984182778,26.22144112478032,89.9121265377856,99.6133567662566,95.53602811950792,39.68365553602812,48.36555360281196,99.7188049209139,99.6133567662566,61.019332161687174,78.59402460456943,59.75395430579965,71.10720562390159,89.27943760984184,98.24253075571178,99.08611599297014,90.7908611599297,93.74340949033393,94.79789103690686,0.8084358523725835,95.99297012302286,27.205623901581724,10.54481546572935,53.5676625659051,97.50439367311073,19.859402460456945,88.64674868189807,91.0017574692443,81.12478031634447,16.098418277680143,91.8804920913884,True,True,True,True,True,True,False,True,True,8,0.8888888888888888,False,0.3478376851619382,False,False,False,True,0.6952448264806588,1.0,0.2831231176849081,0.0,0.3478376851619382,0.8888888888888888,0.5594983415182104
O=C(Nc1ncc(Oc2ccccc2)cn1)N1CCCC1,O=C(Nc1ncc(Oc2ccccc2)cn1)N1CCCC1,284.31900000000013,2.896600000000001,1,4,67.35,3,3,21,0.9406647203471723,0,O=C(Nc1ncc(Oc2ccccc2)cn1)N1CCCC1,True,True,True,True,True,True,True,True,True,0,True,6.1922573202768945,True,False,0.36764705882352944,C=CC(=O)N1CCC[C@H](Nc2ncnc(N)c2-c2ccc(Oc3ccccc3)cc2)C1,0.35-0.50 novedosas razonables,0,0,0,0,0.24085534,0.9428592,0.96810216,0.66238815,0.21996757,0.39292604,0.11865219,0.13243763,0.008737815,0.5063237,0.033861317,0.16145971,0.11936345,0.9672059,0.9998938,0.004618448,0.016759958,0.27581736,0.02665551,0.0072361855,0.15219337,0.011611211,0.9569419,0.04633396,0.101236686,0.0958329,0.008103079,0.043158393,0.029202994,0.24279745,0.23079522,-4.5298514,105.36952,73.06925,10.55887,-8.746565,1.9789597,3.0891175,93.64183,-4.376136,0.7856525,22.601054481546576,47.59226713532514,25.869947275922673,37.188049209138846,53.18101933216169,76.41476274165203,98.98066783831284,86.29173989455185,67.24077328646749,95.04393673110721,68.11950790861161,57.012302284710024,23.58523725834798,56.8365553602812,45.377855887521974,49.03339191564148,55.67662565905097,93.35676625659052,73.63796133567664,26.045694200351495,34.516695957820744,85.97539543057998,54.13005272407733,26.432337434094904,75.21968365553603,60.281195079086125,81.58172231985941,45.09666080843586,44.604569420035155,85.16695957820738,36.80140597539543,52.72407732864675,50.4042179261863,15.043936731107207,45.09666080843586,79.68365553602813,89.77152899824254,81.72231985940246,41.26537785588753,78.27768014059755,22.70650263620387,81.15992970123024,75.95782073813709,24.850615114235502,43.690685413005276,True,True,True,True,True,True,True,True,True,9,1.0,True,0.3392857142857142,False,False,False,True,0.12817154685126297,1.0,0.9406647203471723,1.0,0.3392857142857142,1.0,0.5974083149645976
NC(=O)c1cc(Nc2cncc(N3CCOCC3)c2)ccn1,NC(=O)c1cc(Nc2cncc(N3CCOCC3)c2)ccn1,299.33399999999995,1.1556999999999997,2,6,93.37,4,3,22,0.8795544925556957,0,c1cc(Nc2cncc(N3CCOCC3)c2)ccn1,True,True,True,True,True,True,True,True,True,0,True,6.609368338368001,True,False,0.35135135135135137,C=CC(=O)Nc1cccc(NC(=O)Nc2ccnc(Nc3ccc(N4CCOCC4)cc3)n2)c1,0.35-0.50 novedosas razonables,0,0,0,0,0.055694073,0.7235948,0.9655736,0.44948012,0.107992515,0.30552286,0.085290395,0.0964516,0.009578905,0.43418154,0.12725791,0.14863,0.16103935,0.96754044,0.9997675,0.0029069085,0.017847668,0.2529047,0.020767702,0.004337075,0.077569984,0.0022011446,0.8496747,0.015187422,0.061956614,0.03065766,0.004520985,0.016217737,0.015957227,0.090450816,0.25210327,-5.225942,31.11587,6.2895484,15.683737,-17.226772,2.0547066,0.97640115,60.77061,-2.9660156,4.994041,22.601054481546576,47.59226713532514,25.869947275922673,37.188049209138846,15.008787346221443,50.54481546572936,98.73462214411249,79.26186291739896,53.04042179261863,88.15465729349737,63.55008787346222,46.29173989455185,24.463971880492092,49.068541300527244,61.335676625659055,45.4481546572935,63.8664323374341,93.42706502636204,68.50615114235501,17.117750439367313,36.37961335676626,84.9560632688928,50.82601054481547,15.887521968365554,43.90158172231986,30.087873462214414,57.39894551845343,36.37961335676626,32.26713532513181,70.12302284710019,26.01054481546573,40.21089630931459,37.78558875219684,2.9876977152899826,46.643233743409496,34.376098418277685,49.701230228471005,30.158172231985944,50.26362038664324,24.56942003514939,26.115992970123024,45.27240773286468,36.871704745166966,53.49736379613357,74.23550087873463,True,True,True,True,True,True,True,True,True,9,1.0,True,0.3392857142857142,False,False,False,True,0.4062455589120007,1.0,0.8795544925556957,1.0,0.3392857142857142,1.0,0.6716639844140974
CN(CC(F)F)C(=O)Nc1ccc2c(Cl)ccnc2c1,CN(CC(F)F)C(=O)Nc1ccc2c(Cl)ccnc2c1,299.708,3.6170000000000018,1,2,45.230000000000004,3,2,20,0.9406264814283216,0,c1ccc2ncccc2c1,True,True,True,True,True,True,True,True,True,0,True,6.25088338588824,True,False,0.37142857142857144,CN(CCCl)C(=O)Nc1ccc2ncnc(Nc3cccc(Cl)c3)c2c1,0.35-0.50 novedosas razonables,0,0,0,0,0.48298645,0.8673202,0.9120283,0.851822,0.44174796,0.30898023,0.19633159,0.23253743,0.11456046,0.5678531,0.17988037,0.23552671,0.24785128,0.8795083,0.99935377,0.03150078,0.041840266,0.64742917,0.111225605,0.045480505,0.24667998,0.03150909,0.9342898,0.17129256,0.3081417,0.15070377,0.062110484,0.24271302,0.15714608,0.4784852,0.47300154,-4.5226083,62.51397,38.528866,65.62193,-9.259048,2.545665,2.9753587,84.10596,-3.6848035,10.639765,22.601054481546576,47.59226713532514,25.869947275922673,37.188049209138846,77.5395430579965,63.90158172231987,83.19859402460457,92.86467486818981,83.02284710017575,88.40070298769773,75.32513181019333,71.45869947275924,62.7768014059754,63.40949033391916,66.08084358523726,66.25659050966608,74.76274165202109,79.85940246045695,59.57820738137083,76.06326889279438,70.57996485061513,95.99297012302286,76.62565905096662,73.25131810193322,87.41652021089632,74.1652021089631,73.70826010544816,59.89455184534271,71.10720562390159,91.03690685413007,76.59050966608085,76.37961335676626,80.597539543058,44.11247803163445,61.26537785588753,80.52724077328648,71.07205623901582,60.80843585237259,87.94376098418279,75.3602811950791,56.239015817223205,79.15641476274166,60.421792618629176,38.66432337434095,91.14235500878735,True,True,True,True,True,True,True,True,True,9,1.0,True,0.3392857142857142,False,False,False,True,0.1672555905921603,1.0,0.9406264814283216,1.0,0.3392857142857142,1.0,0.6091277922490391
COc1cc2ncnc(Nc3cccc(Br)c3)c2cc1OC1CN(C(=O)OC(C)(C)C)CC1F,COc1cc2ncnc(Nc3cccc(Br)c3)c2cc1OC1CN(C(=O)OC(C)(C)C)CC1F,533.3980000000005,5.480700000000005,1,7,85.81000000000002,5,4,34,0.46500696389672336,2,c1ccc(Nc2ncnc3ccc(OC4CCNC4)cc23)cc1,True,True,True,True,True,True,True,True,True,0,True,7.569357607825857,True,True,0.5925925925925926,C=CC(=O)N1CCC(Oc2cc3c(Nc4cccc(Br)c4)ncnc3cc2OC)CC1,0.50-0.70 moderadamente similares,2,0,0,0,0.18095168,0.4681312,0.85836995,0.46255717,0.87529576,0.19367388,0.7637078,0.11774,0.16359945,0.7544934,0.7762546,0.10890392,0.24009004,0.9686119,0.99991786,0.015815683,0.030596513,0.74289846,0.59103256,0.094703995,0.27472156,0.06495298,0.93073475,0.9328539,0.7298808,0.26298583,0.15509745,0.7658886,0.28961283,0.13295569,0.87194026,-5.0687547,52.41405,91.54729,118.807945,-11.9126,3.4577167,4.213559,98.76995,-5.6660447,13.979777,69.84182776801407,47.59226713532514,25.869947275922673,37.188049209138846,43.40949033391916,30.474516695957824,65.41300527240774,79.7188049209139,96.69595782073814,68.29525483304043,95.88752196836556,52.23198594024605,68.7170474516696,87.69771528998243,90.4042179261863,33.18101933216169,74.20035149384887,93.60281195079087,75.39543057996485,60.21089630931459,57.39894551845343,97.50439367311073,98.48857644991213,86.0456942003515,89.17398945518454,83.30404217926187,72.65377855887523,95.28998242530757,94.62214411247804,95.92267135325133,89.56063268892795,95.64147627416521,90.05272407732865,5.62390158172232,84.3585237258348,41.40597539543058,65.62390158172232,88.11950790861161,96.55536028119509,55.64147627416521,93.74340949033393,96.76625659050967,86.4323374340949,6.6783831282952555,95.28998242530757,True,True,True,True,True,True,False,True,True,8,0.8888888888888888,False,0.3392857142857142,False,False,False,True,1.0,1.0,0.46500696389672336,0.0,0.3392857142857142,0.8888888888888888,0.6764970763305402
COc1ccc2c(NC(CO)C(O)c3ccc(S(C)(=O)=O)cc3)ncnc2c1,COc1ccc2c(NC(CO)C(O)c3ccc(S(C)(=O)=O)cc3)ncnc2c1,403.4600000000001,1.5482999999999998,3,8,121.63999999999999,7,3,28,0.5431946854874469,0,c1ccc(CCNc2ncnc3ccccc23)cc1,True,True,True,True,True,True,True,True,True,0,True,6.9351245137237605,True,False,0.42857142857142855,COc1ccc2c(NCc3ccccc3)ncnc2c1,0.35-0.50 novedosas razonables,2,0,0,0,0.091565795,0.32814434,0.93770915,0.068941146,0.04505456,0.30851048,0.060560055,0.08272591,0.031246569,0.38345063,0.2526127,0.28385162,0.30741915,0.9499136,0.9973177,0.0078016883,0.03160049,0.16264485,0.03481396,0.007453762,0.05924639,0.0026661353,0.37000194,0.03846471,0.06952331,0.013917196,0.0063460483,0.02104441,0.03428992,0.11031531,0.37616587,-5.5931044,7.892522,12.31942,31.271656,-20.431263,2.608919,1.237907,75.605545,-3.2283854,5.8982906,69.84182776801407,47.59226713532514,25.869947275922673,37.188049209138846,25.623901581722322,20.984182776801408,92.23198594024605,50.54481546572936,38.80492091388401,88.33040421792619,58.066783831282955,42.39015817223199,41.58172231985941,44.56942003514939,71.24780316344464,74.76274165202109,79.96485061511424,90.50966608084359,48.822495606326896,40.597539543058,58.734622144112485,78.45342706502637,57.99648506151143,27.381370826010546,30.158172231985944,34.059753954305805,28.998242530755714,43.40949033391916,34.44639718804921,57.89103690685413,32.056239015817226,43.16344463971881,52.79437609841828,4.288224956063269,56.13356766256591,21.86291739894552,23.02284710017575,36.37961335676626,69.38488576449913,16.028119507908613,60.80843585237259,48.927943760984185,51.52899824253076,47.27592267135326,78.31282952548331,True,True,True,True,True,True,True,True,True,9,1.0,True,0.3392857142857142,False,False,False,True,0.623416342482507,1.0,0.5431946854874469,1.0,0.3392857142857142,1.0,0.686361248425012
C=CC(=O)Nc1ccc2ncn(C3CCOC3)c2c1,C=CC(=O)Nc1ccc2ncn(C3CCOC3)c2c1,257.29299999999995,2.1222,1,3,56.150000000000006,3,3,19,0.8568227703373624,0,c1ccc2c(c1)ncn2C1CCOC1,True,True,True,True,True,True,True,True,True,0,True,6.721692578544875,True,False,0.4153846153846154,C=CC(=O)Nc1ccc2ncnc(NC3CCCCC3)c2c1,0.35-0.50 novedosas razonables,1,0,1,2,0.42006737,0.5985251,0.8275552,0.2516687,0.16251232,0.23770079,0.12278865,0.07626959,0.029351536,0.3654411,0.083555296,0.19307975,0.2328349,0.84913623,0.9912111,0.05392629,0.045594558,0.28986382,0.12459241,0.061645545,0.18942106,0.06566845,0.6121291,0.05477027,0.41238958,0.18108824,0.12674297,0.17207913,0.27376205,0.44794542,0.17834397,-4.726778,23.266727,-1.5144081,31.003235,-13.294461,2.7602162,1.6567624,61.816303,-2.55693,4.8400435,55.32513181019333,47.59226713532514,66.52021089630932,95.07908611599298,71.95079086115993,40.14059753954306,57.36379613356767,69.63093145869948,61.05448154657294,77.68014059753955,68.6115992970123,40.105448154657296,40.94903339191565,42.84710017574693,55.67662565905097,57.36379613356767,73.35676625659052,76.48506151142355,40.421792618629176,84.71001757469244,73.88400702987698,86.46748681898067,78.94551845342707,79.57820738137083,82.10896309314587,83.30404217926187,38.840070298769774,46.81898066783832,78.48857644991213,92.89982425307558,87.20562390158173,71.73989455184535,89.42003514938489,40.03514938488577,40.14059753954306,64.74516695957821,41.86291739894552,22.88224956063269,69.17398945518454,45.9402460456942,69.49033391915643,55.95782073813709,37.89103690685413,60.35149384885765,73.74340949033393,True,False,True,True,True,True,True,True,True,8,0.8888888888888888,False,0.3392857142857142,False,False,False,True,0.4811283856965834,1.0,0.8568227703373624,1.0,0.3392857142857142,0.8888888888888888,0.679607963005611
CC(=O)N1CCC(C(=O)Nc2cc(Nc3ccc(F)c(Cl)c3)ncn2)CC1,CC(=O)N1CCC(C(=O)Nc2cc(Nc3ccc(F)c(Cl)c3)ncn2)CC1,391.8340000000002,3.2097000000000016,2,5,87.22000000000001,4,3,27,0.8351874522133407,0,O=C(Nc1cc(Nc2ccccc2)ncn1)C1CCNCC1,True,True,True,True,True,True,True,True,True,0,True,6.782785698775599,True,False,0.5205479452054794,COc1cc(OC2CCN(C(C)=O)CC2)c2c(Nc3ccc(F)c(Cl)c3)ncnc2c1,0.50-0.70 moderadamente similares,0,0,0,0,0.32511693,0.66398275,0.9188201,0.26615757,0.16410996,0.2525409,0.091928415,0.11068841,0.06814112,0.5589214,0.14457789,0.13808498,0.4427692,0.9385046,0.9983513,0.018712198,0.047502767,0.43904337,0.090221606,0.029116517,0.1919833,0.016516145,0.7770594,0.19590043,0.29631728,0.13471042,0.021100119,0.23665027,0.1992342,0.2256665,0.6142515,-4.793557,17.529316,3.3941166,65.76786,-15.860285,2.757577,2.420085,80.57948,-3.7593625,14.725461,22.601054481546576,47.59226713532514,25.869947275922673,37.188049209138846,62.741652021089635,45.30755711775044,85.62390158172232,70.82601054481547,61.12478031634447,80.28119507908612,64.56942003514939,50.474516695957824,53.98945518453428,62.39015817223199,63.30404217926187,42.53075571177505,89.49033391915643,88.64674868189807,52.02108963093146,64.18277680140598,75.1493848857645,91.42355008787347,73.81370826010546,62.741652021089635,82.42530755711776,65.27240773286468,49.701230228471005,61.89806678383129,70.19332161687171,89.8066783831283,56.20386643233744,75.95782073813709,84.67486818980669,13.708260105448156,68.18980667838314,59.89455184534271,34.024604569420035,27.6274165202109,87.94376098418279,30.123022847100177,69.38488576449913,69.27943760984184,56.41476274165203,37.152899824253076,95.99297012302286,True,True,True,True,True,True,False,True,True,8,0.8888888888888888,False,0.3392857142857142,False,False,False,True,0.5218571325170659,1.0,0.8351874522133407,1.0,0.3392857142857142,0.8888888888888888,0.6885812893331525
COc1cc2ncnc(NC(c3ccccc3)c3cnccn3)c2cc1NC(=O)c1cc2c(nc1O)CCC2=O,COc1cc2ncnc(NC(c3ccccc3)c3cnccn3)c2cc1NC(=O)c1cc2c(nc1O)CCC2=O,533.5480000000003,4.111700000000002,3,10,152.11,7,6,40,0.278575551127713,1,O=C(Nc1ccc2ncnc(NC(c3ccccc3)c3cnccn3)c2c1)c1cnc2c(c1)C(=O)CC2,True,True,True,True,True,True,True,True,True,0,True,7.1588758178251375,True,True,0.47058823529411764,CCC(=O)Nc1cc2c(N[C@H](C)c3ccccc3)ncnc2cc1OC,0.35-0.50 novedosas razonables,1,0,0,0,0.051185764,0.12034681,0.87918985,0.028177321,0.21902628,0.20731501,0.5619798,0.011204177,0.016403865,0.4908936,0.859223,0.08924578,0.25821897,0.99674004,0.9995659,0.0032309736,0.02608465,0.38690227,0.2292048,0.012580338,0.094507694,0.012812483,0.4600199,0.4440053,0.3698963,0.12606338,0.017985318,0.31081733,0.16468024,0.02571626,0.64917576,-5.5663023,36.906143,43.884724,57.113342,-21.223492,2.2289634,2.7175722,95.52619,-4.9938745,0.7942876,55.32513181019333,47.59226713532514,25.869947275922673,37.188049209138846,13.462214411247805,9.068541300527242,71.24780316344464,40.597539543058,67.17047451669596,71.56414762741653,91.77504393673111,13.637961335676627,32.056239015817226,54.833040421792624,93.14586994727593,27.10017574692443,75.71177504393674,99.40246045694201,62.81195079086117,18.945518453427066,50.650263620386646,89.98242530755712,88.36555360281196,42.21441124780317,53.77855887521969,62.03866432337435,32.26713532513181,75.60632688927944,76.09841827768015,88.92794376098419,52.68892794376099,79.43760984182778,81.33567662565906,0.49209138840070304,69.94727592267137,22.31985940246046,54.6572934973638,64.53427065026362,84.56942003514939,14.305799648506152,36.660808435852374,74.72759226713534,79.78910369068542,14.446397188049211,43.72583479789104,True,True,True,True,True,True,False,True,True,8,0.8888888888888888,False,0.3619602058749685,False,False,False,True,0.7725838785500917,1.0,0.278575551127713,0.5,0.3619602058749685,0.8888888888888888,0.6348424262980672
CC(C)n1cnc2ncnc(Nc3cccc(CO)c3)c21,CC(C)n1cnc2ncnc(Nc3cccc(CO)c3)c21,283.33500000000004,2.6431000000000004,2,5,75.86,4,3,21,0.769509666266339,0,c1ccc(Nc2ncnc3nc[nH]c23)cc1,True,True,True,True,True,True,True,True,True,0,True,6.852217450880728,True,False,0.36507936507936506,OCc1ccc(-c2cc3c(Nc4ccccc4)ncnc3s2)cc1,0.35-0.50 novedosas razonables,0,0,0,0,0.31263307,0.62020427,0.94561595,0.72241986,0.2005864,0.14775929,0.049246583,0.08292561,0.05727442,0.47212648,0.24857256,0.17747056,0.23973164,0.960945,0.9997066,0.010197071,0.02339004,0.6712264,0.15272671,0.026041582,0.21748486,0.0064846813,0.87072915,0.03491073,0.2710523,0.20330739,0.03977964,0.21106029,0.1207823,0.18902154,0.44084924,-5.065821,65.39972,46.57157,16.340422,-13.532916,2.288416,2.3897195,80.44817,-3.2554405,6.5383506,22.601054481546576,47.59226713532514,25.869947275922673,37.188049209138846,61.546572934973646,41.82776801405976,94.62214411247804,88.18980667838314,65.13181019332163,55.32513181019333,55.18453427065027,42.56590509666081,51.423550087873465,52.68892794376099,71.14235500878735,53.39191564147628,74.1652021089631,92.12653778558877,66.81898066783832,47.94376098418278,46.57293497363796,96.55536028119509,82.07381370826012,60.246045694200355,85.23725834797892,50.017574692442885,60.140597539543066,42.63620386643234,68.57644991212655,93.98945518453428,67.7328646748682,74.55184534270651,75.88752196836556,10.123022847100177,59.824253075571185,41.54657293497364,72.61862917398946,66.32688927943761,51.91564147627417,44.42882249560633,39.96485061511424,68.68189806678383,56.16871704745167,46.71353251318102,80.56239015817224,True,True,True,True,True,True,True,True,True,9,1.0,True,0.3392857142857142,False,False,False,True,0.5681449672538186,1.0,0.769509666266339,1.0,0.3392857142857142,1.0,0.7037270829732393
COc1ccc2c(NC(=O)C3C(C)OC(C)C3C)ncnc2c1,COc1ccc2c(NC(=O)C3C(C)OC(C)C3C)ncnc2c1,315.37300000000005,2.636400000000001,1,5,73.34,3,3,23,0.9423192207261822,0,O=C(Nc1ncnc2ccccc12)C1CCOC1,True,True,True,True,True,True,True,True,True,0,True,6.502107178605026,True,False,0.4727272727272727,COc1ccc2c(Nc3ccccc3)ncnc2c1,0.35-0.50 novedosas razonables,4,0,0,0,0.64547527,0.7019664,0.9319518,0.5304715,0.49141684,0.14057612,0.11765599,0.09756349,0.038408373,0.5812977,0.54761446,0.06305952,0.15958059,0.93320274,0.99993914,0.010975612,0.03070809,0.6818763,0.27459082,0.047311854,0.25008252,0.013154792,0.926088,0.17101023,0.36493123,0.2009571,0.07214499,0.34146503,0.14512998,0.3185574,0.5592974,-4.751443,27.369526,26.898127,25.458075,-12.558222,3.1044686,2.3324394,76.705734,-3.6771271,3.815406,81.28295254833041,47.59226713532514,25.869947275922673,37.188049209138846,88.78734622144113,48.33040421792619,90.68541300527241,81.72231985940246,84.81546572934974,53.0755711775044,67.97891036906854,46.99472759226714,45.09666080843586,65.02636203866433,84.3585237258348,20.0,63.79613356766257,87.6274165202109,78.31282952548331,49.84182776801406,57.644991212653785,96.55536028119509,90.86115992970124,73.95430579964851,87.69771528998243,62.35500878734623,71.38840070298771,59.89455184534271,75.78207381370827,93.81370826010546,78.73462214411248,80.87873462214412,79.36731107205624,23.65553602811951,65.94024604569421,62.7768014059754,45.76449912126538,51.31810193321618,64.67486818980669,50.68541300527241,85.76449912126539,67.80316344463972,52.61862917398946,38.840070298769774,68.26010544815466,True,True,True,False,True,True,False,True,True,7,0.7777777777777778,False,0.3392857142857142,False,False,False,True,0.3347381190700176,1.0,0.9423192207261822,1.0,0.3392857142857142,0.7777777777777778,0.6374042394648531
CCOc1cc2ncnc(Nc3ccc(F)c(Cl)c3)c2cc1NC(=O)/C=C/CN1CCCC1,CCOc1cc2ncnc(Nc3ccc(F)c(Cl)c3)c2cc1NC(=O)/C=C/CN1CCCC1,469.9480000000003,5.1551000000000045,2,6,79.38000000000001,8,4,33,0.4437574029539664,1,O=C(/C=C/CN1CCCC1)Nc1ccc2ncnc(Nc3ccccc3)c2c1,True,True,True,True,True,True,True,True,True,0,True,8.170641482580871,True,True,0.8611111111111112,COc1cc2ncnc(Nc3ccc(F)c(Cl)c3)c2cc1NC(=O)/C=C/CN1CCCCC1,0.85-0.95 casi copias,0,0,1,0,0.43421355,0.53893596,0.71906775,0.3459937,0.34194234,0.1483883,0.29598314,0.16827069,0.40140405,0.63621366,0.5659402,0.18363908,0.7014875,0.90233266,0.9946253,0.18521166,0.09972456,0.6904111,0.46747455,0.10362206,0.2437175,0.1085652,0.7515891,0.86823857,0.7102867,0.40361324,0.21034694,0.6110545,0.6361531,0.24767749,0.9150249,-4.9874864,19.824732,28.798502,109.369675,-15.424603,3.0148537,3.3683732,93.28392,-4.910712,17.470037,22.601054481546576,47.59226713532514,66.52021089630932,37.188049209138846,73.21616871704745,35.64147627416521,35.887521968365554,74.86818980667839,77.18804920913885,55.43057996485062,80.8084358523726,63.58523725834799,81.792618629174,72.05623901581723,84.71001757469244,54.72759226713533,98.10193321616873,83.12829525483305,43.93673110720563,92.86467486818981,91.17750439367312,96.83655536028121,97.50439367311073,86.95957820738138,87.31107205623903,88.96309314586996,47.873462214411255,92.19683655536029,94.02460456942005,98.24253075571178,92.51318101933217,91.493848857645,98.4182776801406,15.325131810193323,87.97891036906854,46.50263620386644,37.04745166959579,53.25131810193322,95.64147627416521,32.829525483304046,82.49560632688929,86.08084358523726,75.2548330404218,15.957820738137084,97.78558875219684,True,True,True,True,False,True,False,True,True,7,0.7777777777777778,False,0.3392857142857142,False,False,False,False,1.0,0.9259259259259255,0.4437574029539664,0.5,0.3392857142857142,0.7777777777777778,0.7010874199669045
O=C(Nc1ccc2ncnc(Nc3cccc(Br)c3)c2c1)C1CCOCC1,O=C(Nc1ccc2ncnc(Nc3cccc(Br)c3)c2c1)C1CCOCC1,427.3020000000002,4.501000000000003,2,5,76.14,4,4,27,0.6414177174962158,0,O=C(Nc1ccc2ncnc(Nc3ccccc3)c2c1)C1CCOCC1,True,True,True,True,True,True,True,True,True,0,True,7.447769609376401,True,True,0.6984126984126984,CC1(C)CC(C(=O)Nc2ccc3ncnc(Nc4cccc(Br)c4)c3c2)CC(C)(C)N1[O],0.50-0.70 moderadamente similares,0,0,0,0,0.3856923,0.62229794,0.88576955,0.7444662,0.4438796,0.16419396,0.19368336,0.09139891,0.20302899,0.5311618,0.6108932,0.11891492,0.36643404,0.96450233,0.99958783,0.0346385,0.07034708,0.8514272,0.3813036,0.077793576,0.34806246,0.040178902,0.860037,0.49313062,0.6504643,0.405739,0.09167435,0.6355014,0.3908173,0.23847108,0.7799817,-5.012336,24.631123,16.115677,109.38159,-15.065325,2.7574983,3.388195,92.81277,-4.5792475,14.350207,22.601054481546576,47.59226713532514,25.869947275922673,37.188049209138846,68.92794376098419,41.968365553602816,73.56766256590511,88.96309314586996,83.09314586994728,61.019332161687174,75.07908611599298,44.920913884007035,71.45869947275924,59.22671353251319,86.01054481546574,36.660808435852374,84.4639718804921,92.82952548330405,63.26889279437611,77.5395430579965,85.65905096660809,98.73462214411249,95.78207381370827,83.09314586994728,92.68892794376099,77.18804920913885,58.76977152899825,77.5395430579965,92.02108963093147,98.24253075571178,82.35500878734622,92.19683655536029,93.67311072056239,14.762741652021091,77.46924428822496,44.63971880492092,43.30404217926187,40.45694200351494,95.64147627416521,34.97363796133568,69.34973637961336,86.67838312829527,74.1652021089631,21.15992970123023,95.67662565905097,True,True,True,True,True,True,False,True,True,8,0.8888888888888888,False,0.3392857142857142,False,False,False,True,0.9651797395842673,1.0,0.6414177174962158,1.0,0.3392857142857142,0.8888888888888888,0.7925126112457442
COc1cc2ncnc(Nc3cc(F)ccc3F)c2cc1OC,COc1cc2ncnc(Nc3cc(F)ccc3F)c2cc1OC,317.2950000000001,3.6688000000000027,1,5,56.27000000000001,4,3,23,0.7954790471994624,0,c1ccc(Nc2ncnc3ccccc23)cc1,True,True,True,True,True,True,True,True,True,0,True,6.930272434264999,True,False,0.7333333333333333,COc1cc2ncnc(Nc3ccccc3F)c2cc1OC.Cl,0.70-0.85 análogos cercanos,0,0,0,0,0.73073953,0.79296124,0.9620905,0.95170957,0.360953,0.07821208,0.02774848,0.1297163,0.13024583,0.546655,0.76737875,0.053098936,0.1855981,0.9402605,0.9999944,0.014919838,0.06584306,0.9370166,0.26397875,0.037796844,0.25381634,0.006364435,0.9663841,0.12751065,0.41465202,0.3882087,0.05274676,0.31848368,0.15128587,0.31872123,0.7037991,-4.5714607,61.866646,54.994835,52.365303,-9.448751,2.9608283,3.2866127,90.585526,-4.5612516,7.0634527,22.601054481546576,47.59226713532514,25.869947275922673,37.188049209138846,92.44288224956064,56.555360281195085,98.34797891036908,97.18804920913885,78.45342706502637,30.333919156414765,46.71353251318102,56.02811950790861,65.02636203866433,60.84358523725835,90.12302284710019,17.258347978910372,67.83831282952549,88.89279437609842,93.1810193321617,58.80492091388401,84.39367311072057,99.5079086115993,90.36906854130054,69.27943760984184,87.90861159929702,49.84182776801406,85.30755711775045,55.7469244288225,78.5237258347979,98.06678383128296,73.46221441124781,79.92970123022847,80.03514938488577,23.72583479789104,72.05623901581723,76.20386643233743,70.86115992970123,72.12653778558875,82.53075571177506,73.95430579964851,80.28119507908612,84.92091388400704,70.50966608084359,21.47627416520211,82.46045694200352,True,True,True,False,True,True,False,True,True,7,0.7777777777777778,False,0.3392857142857142,False,False,False,True,0.6201816228433324,1.0,0.7954790471994624,1.0,0.3392857142857142,0.7777777777777778,0.7010112645678397
CC(=O)Nc1nc(C(=O)N2CCC(c3ncco3)CC2)cs1,CC(=O)Nc1nc(C(=O)N2CCC(c3ncco3)CC2)cs1,320.3740000000001,2.1092999999999997,1,6,88.33,3,3,22,0.9354278366377274,0,O=C(c1cscn1)N1CCC(c2ncco2)CC1,True,True,True,True,True,True,True,True,True,0,True,6.489532149938984,True,False,0.42424242424242425,CC(=O)Nc1nc(C(=O)NNC(=O)CCN2CCOCC2)cs1,0.35-0.50 novedosas razonables,0,0,0,0,0.032478336,0.889239,0.91052675,0.33024436,0.5293789,0.3626102,0.40996304,0.06505829,0.009909954,0.47951096,0.040339604,0.1910027,0.03651624,0.9528483,0.9999336,0.0021352689,0.0070370757,0.056343317,0.023990322,0.00408631,0.05793007,0.010892784,0.9248239,0.04106529,0.087720394,0.013139245,0.010111351,0.019347982,0.010914179,0.2308583,0.09861283,-4.7063236,40.45618,25.401655,-11.029169,-13.124411,2.7073789,1.0249703,58.74286,-2.4816537,-2.950456,22.601054481546576,47.59226713532514,25.869947275922673,37.188049209138846,8.752196836555362,67.1353251318102,82.7768014059754,74.23550087873463,86.29173989455185,93.1810193321617,86.08084358523726,35.289982425307564,24.88576449912127,53.53251318101934,47.1353251318102,56.660808435852374,24.21792618629174,90.75571177504395,77.75043936731107,12.302284710017576,11.353251318101934,64.32337434094904,52.86467486818981,14.797891036906856,28.681898066783834,59.472759226713535,70.86115992970123,44.07732864674868,40.49209138840071,56.76625659050967,41.58172231985941,42.24956063268893,31.036906854130056,14.165202108963094,31.493848857644995,66.32688927943761,57.29349736379614,50.017574692442885,7.275922671353252,47.27592267135326,66.29173989455185,45.694200351493855,35.114235500878735,61.792618629173994,10.193321616871705,True,True,True,True,True,True,True,True,True,9,1.0,True,0.3392857142857142,False,False,False,True,0.3263547666259896,1.0,0.9354278366377274,1.0,0.3392857142857142,1.0,0.6560777483405987
C=CC(=O)Nc1cccc(Nc2ncnc3c2COC3)c1,C=CC(=O)Nc1cccc(Nc2ncnc3c2COC3)c1,282.303,2.3749000000000002,2,5,76.14,4,3,21,0.8419355103839297,0,c1ccc(Nc2ncnc3c2COC3)cc1,True,True,True,True,True,True,True,True,True,0,True,6.723289864168812,True,False,0.5178571428571429,C=CC(=O)Nc1cccc(Nc2cc(Nc3cccc(Br)c3)ncn2)c1,0.50-0.70 moderadamente similares,0,0,1,2,0.4996001,0.39611277,0.78319216,0.53644216,0.1673469,0.1167839,0.16141346,0.033692528,0.09439872,0.35270157,0.30276367,0.23333406,0.31310412,0.9579784,0.9919257,0.060094327,0.055208087,0.78347516,0.23765247,0.11033634,0.2878336,0.06878214,0.5991178,0.076691344,0.7247161,0.3811353,0.20518288,0.598698,0.558946,0.478976,0.34844446,-4.9363036,21.34265,7.874388,43.74464,-14.806295,2.6925824,2.3999333,83.91504,-4.05839,5.661883,22.601054481546576,47.59226713532514,66.52021089630932,95.07908611599298,79.08611599297014,25.37785588752197,47.381370826010546,81.96836555360282,61.72231985940247,43.79613356766257,72.61862917398946,24.42882249560633,59.40246045694201,41.792618629173994,74.20035149384887,65.94024604569421,80.38664323374341,91.56414762741653,41.12478031634447,85.79964850615114,79.89455184534272,98.13708260105449,88.8224956063269,87.59226713532514,89.73637961335677,84.00702987697716,38.17223198594025,50.05272407732865,94.41124780316345,98.06678383128296,92.26713532513182,91.17750439367312,97.25834797891038,44.147627416520216,54.48154657293498,49.8066783831283,39.156414762741655,31.599297012302287,77.99648506151144,36.41476274165203,65.3427065026362,68.85764499121267,60.21089630931459,31.142355008787348,77.3286467486819,True,False,True,True,True,True,True,True,True,8,0.8888888888888888,False,0.3392857142857142,False,False,False,True,0.4821932427792082,1.0,0.8419355103839297,1.0,0.3392857142857142,0.8888888888888888,0.6776943311373836
O=C(Nc1ccc(S(=O)(=O)Nc2cccc(Br)c2)cc1)NC(c1ccccc1)c1ccccn1,O=C(Nc1ccc(S(=O)(=O)Nc2cccc(Br)c2)cc1)NC(c1ccccc1)c1ccccn1,537.4390000000001,5.556000000000004,3,4,100.19,7,4,34,0.28766357183831004,2,O=C(Nc1ccc(S(=O)(=O)Nc2ccccc2)cc1)NC(c1ccccc1)c1ccccn1,True,True,True,True,True,True,True,True,True,0,True,6.244243913464438,True,False,0.3855421686746988,O=S(=O)(Nc1nccs1)c1ccc(NC(=S)Nc2ccc3ncnc(Nc4cccc(Br)c4)c3c2)cc1,0.35-0.50 novedosas razonables,1,0,0,0,0.0015228171,0.2627383,0.85307866,0.14516279,0.94922036,0.5330741,0.97764766,0.030197913,0.33795637,0.52382886,0.8512204,0.29466474,0.049571194,0.9752777,0.99985963,0.0027597751,0.014777342,0.07253173,0.21621974,0.03583189,0.12220968,0.09852037,0.6787512,0.8440889,0.32170162,0.005119894,0.023990083,0.66951257,0.051154494,0.07256011,0.6217741,-5.375388,44.82739,46.58943,88.05428,-17.599945,2.2154372,3.7281692,100.847,-5.2716517,-1.8432916,55.32513181019333,47.59226713532514,25.869947275922673,37.188049209138846,0.49209138840070304,16.379613356766257,64.42882249560633,60.80843585237259,98.17223198594026,98.91036906854131,99.57820738137083,22.70650263620387,79.22671353251319,58.45342706502637,93.04042179261863,76.2390158172232,31.950790861159934,94.72759226713534,71.95079086115993,16.098418277680143,29.982425307557122,67.69771528998243,87.48681898066785,67.7328646748682,66.99472759226714,87.66256590509667,42.601054481546576,91.21265377855889,72.26713532513182,38.840070298769774,58.31282952548331,92.9701230228471,60.84358523725835,1.898066783831283,68.47100175746925,27.55711775043937,60.21089630931459,66.32688927943761,93.14586994727593,23.374340949033392,35.782073813708266,91.35325131810194,90.47451669595783,11.036906854130054,18.804920913884008,True,True,True,True,True,True,False,True,True,8,0.8888888888888888,False,0.38463469746422285,False,False,False,True,0.16282927564295888,1.0,0.28766357183831004,0.0,0.38463469746422285,0.8888888888888888,0.4078141468503676
CNC(=O)c1cc(Nc2ncc(F)c(Oc3ccc(N4CCOCC4)nc3)n2)ccc1N1CCN(C(=O)c2ccc(Cl)cc2)CC1,CNC(=O)c1cc(Nc2ncc(F)c(Oc3ccc(N4CCOCC4)nc3)n2)ccc1N1CCN(C(=O)c2ccc(Cl)cc2)CC1,647.1110000000002,4.358600000000004,2,10,125.04999999999998,8,6,46,0.28533680348924445,1,O=C(c1ccccc1)N1CCN(c2ccc(Nc3nccc(Oc4ccc(N5CCOCC5)nc4)n3)cc2)CC1,True,True,True,True,True,True,True,True,True,0,True,6.5827147460525435,True,False,0.4,C=CC(=O)N1CCC(Oc2nc(Nc3ccc(N4CCN(C)CC4)c(F)c3)ncc2Cl)CC1,0.35-0.50 novedosas razonables,0,1,0,0,0.046738394,0.24514215,0.9153355,0.011284998,0.46621513,0.31089237,0.82258797,0.036725756,0.012258347,0.7562836,0.7280722,0.13557535,0.1991258,0.99744284,0.9998312,0.005746598,0.021688284,0.20657995,0.23538308,0.01044582,0.06297988,0.060952067,0.8407196,0.9675277,0.57676727,0.107121155,0.020052325,0.4912092,0.1467705,0.031771246,0.8731529,-5.108221,23.341923,47.424126,87.999344,-19.921843,3.1089356,3.7737968,98.73421,-5.6333876,9.440178,22.601054481546576,97.39894551845343,25.869947275922673,37.188049209138846,12.478031634446399,15.430579964850617,84.32337434094904,31.45869947275923,83.8664323374341,88.47100175746925,96.90685413005274,25.30755711775044,27.521968365553604,88.04920913884008,89.13884007029878,41.82776801405976,69.8066783831283,99.6133567662566,70.33391915641477,31.318101933216173,43.55008787346222,81.51142355008788,88.57644991212655,36.977152899824254,33.391915641476274,82.49560632688929,56.44991212653779,97.3286467486819,88.29525483304043,86.81898066783832,55.18453427065027,87.5219683655536,79.6133567662566,0.5272407732864676,84.42882249560634,39.96485061511424,41.93321616871705,66.81898066783832,93.14586994727593,17.223198594024606,85.90509666080844,92.05623901581723,86.4323374340949,7.065026362038665,88.96309314586996,False,True,True,True,True,True,False,True,True,7,0.7777777777777778,False,0.36039103690685403,False,False,False,True,0.3884764973683623,1.0,0.28533680348924445,0.5,0.36039103690685403,0.7777777777777778,0.509199454893044
Cc1cc(N2CCSCC2)ccc1NC(=O)/C=C/c1ccncn1,Cc1cc(N2CCSCC2)ccc1NC(=O)/C=C/c1ccncn1,340.45200000000006,2.990120000000001,1,5,58.120000000000005,4,3,24,0.8672806103734576,0,O=C(/C=C/c1ccncn1)Nc1ccc(N2CCSCC2)cc1,True,True,True,True,True,True,True,True,True,0,True,6.667808055243307,True,False,0.3157894736842105,C=CC(=O)Nc1cccc(-n2c(=O)n(C)c(=O)c3cnc(Nc4ccc(N5CCSCC5)cc4OC)nc32)c1,0.25-0.35 lejanas,0,1,1,0,0.27058774,0.54442716,0.848197,0.4334794,0.41010442,0.25370678,0.37522912,0.118007705,0.09982595,0.5362258,0.5799819,0.114275396,0.3152277,0.9108837,0.9991419,0.042988732,0.071613416,0.56263095,0.3063701,0.085156284,0.23570266,0.056238405,0.8072268,0.33367515,0.5209005,0.29142895,0.13701585,0.35871342,0.27505913,0.2564376,0.5615431,-5.050412,42.520363,36.29311,11.928157,-14.703916,2.7551103,2.2080846,77.4574,-4.015329,1.1745927,22.601054481546576,97.39894551845343,66.52021089630932,37.188049209138846,57.22319859402461,36.13356766256591,62.882249560632694,78.66432337434095,81.54657293497364,80.52724077328648,84.81546572934974,52.30228471001758,60.35149384885765,59.613356766256594,84.99121265377856,34.76274165202109,80.66783831282953,84.07732864674868,57.53954305799649,81.51142355008788,85.97539543057998,94.41124780316345,92.44288224956064,84.3585237258348,86.46748681898067,81.65202108963094,52.54833040421793,70.33391915641477,84.78031634446398,96.48506151142355,88.29525483304043,82.03866432337435,89.52548330404218,16.098418277680143,66.01054481546574,42.46045694200352,58.94551845342707,59.08611599297013,43.55008787346222,36.94200351493849,69.13884007029877,65.97539543057997,53.53251318101934,32.23198594024605,47.80316344463972,False,True,True,True,True,True,False,True,True,7,0.7777777777777778,False,0.3392857142857142,False,False,False,False,0.4452053701622045,0.9022556390977444,0.8672806103734576,1.0,0.3392857142857142,0.7777777777777778,0.6446269691042622
COc1ccc2c(NCC3(CO)CCOCC3)ncnc2c1,COc1ccc2c(NCC3(CO)CCOCC3)ncnc2c1,303.36199999999997,1.8394,2,6,76.5,5,3,22,0.8775142919840087,0,c1ccc2c(NCC3CCOCC3)ncnc2c1,True,True,True,True,True,True,True,True,True,0,True,6.662553577291209,True,False,0.5178571428571429,COc1ccc2c(NCc3ccccc3)ncnc2c1,0.50-0.70 moderadamente similares,0,0,0,0,0.40286398,0.8452507,0.94415915,0.30493528,0.027495384,0.1249912,0.0040723803,0.25308326,0.054783802,0.44696483,0.16415197,0.14453687,0.42308807,0.6718022,0.9994747,0.016977366,0.040173236,0.34174305,0.02073778,0.00826721,0.07561406,0.0010173803,0.83407086,0.011460605,0.10124042,0.034585048,0.013600523,0.0064790836,0.03641817,0.27031484,0.50755,-4.993942,43.847507,30.057531,19.256855,-14.533426,2.6935143,1.8576599,72.69002,-3.2679565,6.433732,22.601054481546576,47.59226713532514,25.869947275922673,37.188049209138846,70.57996485061513,61.86291739894553,94.30579964850617,72.68892794376099,30.579964850615116,47.732864674868196,20.492091388400706,73.35676625659052,50.50966608084359,50.22847100175748,64.9560632688928,44.42882249560633,87.69771528998243,64.14762741652022,61.37082601054482,61.89806678383129,69.38488576449913,88.68189806678384,50.82601054481547,30.298769771529003,42.7768014059754,18.910369068541304,55.32513181019333,34.16520210896309,44.604569420035155,71.81019332161688,47.065026362038665,31.3884007029877,54.09490333919157,17.539543057996486,63.12829525483305,45.9402460456942,59.71880492091389,54.27065026362039,56.80140597539543,37.99648506151143,65.48330404217927,59.29701230228471,48.646748681898075,46.432337434094904,80.21089630931459,True,True,True,True,True,True,False,True,True,8,0.8888888888888888,False,0.3392857142857142,False,False,False,True,0.4417023848608057,1.0,0.8775142919840087,1.0,0.3392857142857142,0.8888888888888888,0.6708838910018747
Cc1ccn(C)c(=O)c1Nc1ccc(N2CCCC2)c(F)c1,Cc1ccn(C)c(=O)c1Nc1ccc(N2CCCC2)c(F)c1,301.365,3.1766200000000016,1,3,37.27,3,3,22,0.9458661266118605,0,O=c1[nH]cccc1Nc1ccc(N2CCCC2)cc1,True,True,True,True,True,True,True,True,True,0,True,6.242166648508596,True,False,0.30864197530864196,C=CC(=O)N1CCC(Oc2nc(Nc3ccc(N4CCN(C)CC4)c(F)c3)ncc2Cl)CC1,0.25-0.35 lejanas,0,1,0,0,0.14006285,0.8904421,0.8967646,0.39590794,0.56472886,0.2626049,0.4225512,0.24774137,0.052591473,0.7139158,0.43860444,0.05120474,0.16331513,0.83209676,0.9999763,0.010208098,0.05288151,0.27163962,0.10305695,0.021749893,0.13600585,0.017046202,0.95978135,0.55302644,0.22287107,0.07026026,0.025721824,0.20520076,0.041712865,0.21732798,0.6298731,-4.4499884,30.868597,28.347614,32.242107,-10.654376,3.603056,2.573578,70.75886,-3.6857078,6.4949923,22.601054481546576,97.39894551845343,25.869947275922673,37.188049209138846,36.13356766256591,67.31107205623903,77.68014059753955,77.01230228471002,87.48681898066785,82.39015817223199,86.74868189806679,72.79437609841828,49.98242530755712,82.8822495606327,80.07029876977154,16.801405975395433,64.28822495606327,75.2548330404218,85.51845342706504,47.94376098418278,78.45342706502637,85.83479789103691,75.71177504393674,56.660808435852374,71.17750439367312,65.72934973637962,82.49560632688929,79.64850615114236,64.49912126537787,81.33567662565906,59.75395430579965,74.2706502636204,56.97715289982426,13.11072056239016,68.78734622144113,84.99121265377856,49.45518453427066,52.89982425307558,70.01757469244289,65.62390158172232,95.74692442882251,72.40773286467487,46.643233743409496,38.62917398945519,80.38664323374341,False,True,True,True,True,True,False,True,True,7,0.7777777777777778,False,0.3392857142857142,False,False,False,False,0.16144443233906416,0.8818342151675486,0.9458661266118605,1.0,0.3392857142857142,0.7777777777777778,0.5682233016035512
CC1OCCN(C(=O)c2nccnc2Nc2ccc(N3CCN(C)CC3)cc2F)C1C,CC1OCCN(C(=O)c2nccnc2Nc2ccc(N3CCN(C)CC3)cc2F)C1C,428.5120000000003,2.3605,1,7,73.82999999999998,4,4,31,0.8014256015822274,0,O=C(c1nccnc1Nc1ccc(N2CCNCC2)cc1)N1CCOCC1,True,True,True,True,True,True,True,True,True,0,True,6.811856099620985,True,False,0.33695652173913043,COc1cc(N2CCN(C)CC2)ccc1Nc1nccc(-c2cc(F)c3nc(C)n(C(C)C)c3c2)n1,0.25-0.35 lejanas,2,0,0,0,0.32769,0.7694705,0.95212746,0.010564242,0.049133666,0.17649518,0.04543043,0.15217355,0.013772266,0.6684483,0.0691909,0.097560555,0.4216025,0.90412015,0.9994253,0.012343624,0.031884868,0.049973395,0.010118774,0.006459155,0.06261711,0.004230527,0.8562008,0.19725034,0.11547818,0.023679709,0.0036394442,0.018977087,0.038072754,0.17605391,0.6551043,-4.8264456,7.2903633,14.907562,33.26501,-15.316999,3.3190703,1.250748,46.878075,-2.8590145,9.133402,69.84182776801407,47.59226713532514,25.869947275922673,37.188049209138846,63.02284710017575,54.30579964850616,96.41476274165203,30.826010544815468,40.0,64.21792618629175,54.27065026362039,60.84358523725835,29.420035149384887,76.55536028119509,53.427065026362044,29.244288224956065,87.69771528998243,83.23374340949034,60.702987697715294,53.11072056239016,59.08611599297013,62.601054481546576,40.597539543058,23.83128295254833,33.286467486818985,42.70650263620387,58.13708260105449,61.968365553602816,47.978910369068544,66.78383128295255,22.073813708260108,42.108963093145874,55.2548330404218,9.314586994727593,70.26362038664324,57.29349736379614,22.39015817223199,39.12126537785589,70.86115992970123,33.46221441124781,90.75571177504395,49.10369068541301,25.76449912126538,55.289982425307564,87.94376098418279,True,True,True,True,True,True,False,True,True,8,0.8888888888888888,False,0.3392857142857142,False,False,False,False,0.5412373997473233,0.9627329192546584,0.8014256015822274,1.0,0.3392857142857142,0.8888888888888888,0.6837410297957615
Cc1nc(N(C)CC(C)NC(=O)C2CCN(C)C2)c2ccccc2n1,Cc1nc(N(C)CC(C)NC(=O)C2CCN(C)C2)c2ccccc2n1,341.459,1.8308199999999997,1,5,61.36000000000001,5,3,25,0.898969395916324,0,O=C(NCCNc1ncnc2ccccc12)C1CCNC1,True,True,True,True,True,True,True,True,True,0,True,6.637260763202177,True,False,0.3283582089552239,COc1ccc(N(C)c2nc(C)nc3ccccc23)cc1,0.25-0.35 lejanas,2,0,0,0,0.29486376,0.93805915,0.9101896,0.016316457,0.008408742,0.05983206,0.0005873058,0.60200447,0.1929121,0.3320022,0.010812444,0.10852194,0.1856761,0.07011549,0.99946576,0.0019710395,0.019136824,0.013689677,0.0009116158,0.0017133651,0.035564817,4.924077e-05,0.87622374,0.00940661,0.010222053,0.00038466393,0.0007952146,0.0008685001,0.0013018155,0.6690178,0.64537275,-4.9810333,7.873323,8.488858,8.46034,-13.560736,3.3371098,0.74672365,43.51099,-1.9036747,1.8155315,69.84182776801407,47.59226713532514,25.869947275922673,37.188049209138846,59.57820738137083,75.53602811950792,82.70650263620388,35.04393673110721,13.532513181019333,25.096660808435853,5.413005272407734,91.56414762741653,70.96660808435853,40.246045694200355,35.07908611599297,33.04042179261863,67.83831282952549,13.42706502636204,61.26537785588753,11.31810193321617,38.699472759226715,44.53427065026362,9.947275922671354,4.815465729349737,9.630931458699473,4.463971880492092,61.05448154657294,32.4780316344464,3.8664323374340954,7.311072056239016,8.084358523725836,11.95079086115993,6.537785588752198,69.3145869947276,69.66608084358525,46.85413005272408,22.917398945518457,32.16168717047452,37.188049209138846,44.32337434094904,91.31810193321617,42.284710017574696,23.163444639718808,72.61862917398946,53.743409490333924,True,True,True,True,True,True,False,True,True,8,0.8888888888888888,False,0.3392857142857142,False,False,False,False,0.4248405088014516,0.9381663113006398,0.898969395916324,1.0,0.3392857142857142,0.8888888888888888,0.6597685404690118
Fc1cc2ncnc(Nc3cnn(Cc4ccncc4)c3)c2cc1Nc1cnn(C2CCC2)c1,Fc1cc2ncnc(Nc3cnn(Cc4ccncc4)c3)c2cc1Nc1cnn(C2CCC2)c1,455.50100000000026,4.817400000000003,2,7,98.37,7,6,34,0.36309280978732916,0,c1cc(Cn2cc(Nc3ncnc4ccc(Nc5cnn(C6CCC6)c5)cc34)cn2)ccn1,True,True,True,True,True,True,True,True,True,0,True,6.966389678982757,True,False,0.4166666666666667,Fc1ccc(Nc2ncnc3ccc(-c4cnn(C5CCNCC5)c4)cc23)cc1Cl,0.35-0.50 novedosas razonables,0,0,0,0,0.17709507,0.23221824,0.83010644,0.88473815,0.93415034,0.055364173,0.84497565,0.021802334,0.44838658,0.64143294,0.99853075,0.04586174,0.24040195,0.992949,0.9999997,0.0015031943,0.011203015,0.9580933,0.86291695,0.035567686,0.16616279,0.00597844,0.89880466,0.6471318,0.72618437,0.36079326,0.20416507,0.62067944,0.13861863,0.039747458,0.9578743,-5.409367,34.28974,44.997025,87.18925,-18.75262,2.683901,3.7377079,94.36667,-4.7048683,12.462674,22.601054481546576,47.59226713532514,25.869947275922673,37.188049209138846,42.46045694200352,15.079086115992972,58.066783831282955,94.30579964850617,97.92618629173991,23.866432337434098,97.22319859402461,18.523725834797894,83.51493848857646,72.65377855887523,99.7188049209139,15.606326889279439,74.23550087873463,98.66432337434095,99.15641476274166,8.822495606326891,21.23022847100176,99.68365553602813,99.7188049209139,67.48681898066785,78.59402460456943,48.54130052724078,65.13181019332163,83.16344463971882,94.44639718804922,97.75043936731107,92.19683655536029,91.63444639718806,78.6291739894552,0.8084358523725835,93.70826010544816,26.186291739894553,52.337434094903344,65.4481546572935,93.00527240773287,19.648506151142357,64.92091388400704,91.45869947275924,77.29349736379613,18.629173989455186,93.46221441124781,True,True,True,True,True,True,False,True,True,8,0.8888888888888888,False,0.3478376851619382,False,False,False,True,0.6442597859885044,1.0,0.36309280978732916,1.0,0.3478376851619382,0.8888888888888888,0.6561982831859272
O=C(Nc1ccc(Br)c(F)c1F)c1cc(N2CCOCC2)ccn1,O=C(Nc1ccc(Br)c(F)c1F)c1cc(N2CCOCC2)ccn1,398.20700000000016,3.2112000000000016,1,4,54.46000000000001,3,3,24,0.8074456473148737,0,O=C(Nc1ccccc1)c1cc(N2CCOCC2)ccn1,True,True,True,True,True,True,True,True,True,0,True,6.631773389410255,True,False,0.36923076923076925,O=C(Nc1cc(N2CCOCC2)ncn1)c1ccc(F)cc1,0.35-0.50 novedosas razonables,0,0,1,0,0.13061748,0.9057371,0.9618517,0.7598425,0.5100666,0.45006204,0.41069174,0.18375137,0.0113888085,0.61646235,0.07476282,0.17976749,0.0670362,0.9824074,0.9998685,0.006800591,0.0258332,0.3135093,0.058781616,0.008170898,0.09630839,0.033646632,0.972628,0.27207592,0.2060256,0.07737928,0.0094624935,0.16983669,0.061185848,0.23467103,0.3083692,-4.3983316,79.499344,59.866768,59.702812,-10.066099,2.5546536,3.2654834,86.884415,-4.5774937,9.006691,22.601054481546576,47.59226713532514,66.52021089630932,37.188049209138846,34.059753954305805,69.8066783831283,98.34797891036908,89.42003514938489,85.72934973637962,96.94200351493849,86.11599297012303,65.69420035149385,26.678383128295255,69.38488576449913,54.20035149384886,53.919156414762746,39.613356766256594,96.27416520210897,72.44288224956064,36.239015817223205,50.43936731107206,87.59226713532514,66.88927943760984,30.052724077328648,54.97363796133568,74.90333919156416,88.99824253075572,67.06502636203867,62.284710017574696,82.53075571177506,40.105448154657296,71.38840070298771,63.55008787346222,14.340949033391917,51.00175746924429,87.83831282952549,79.5079086115993,74.97363796133568,85.83479789103691,70.22847100175747,56.76625659050967,84.49912126537787,64.04217926186293,21.15992970123023,87.7328646748682,True,True,True,True,True,True,True,True,True,9,1.0,True,0.3392857142857142,False,False,False,True,0.4211822596068367,1.0,0.8074456473148737,1.0,0.3392857142857142,1.0,0.6653286678364249
COc1ccc2ncnc(Nc3cccc(Cl)c3F)c2c1,COc1ccc2ncnc(Nc3cccc(Cl)c3F)c2c1,303.72400000000005,4.174500000000002,1,4,47.040000000000006,3,3,21,0.7884417662414381,0,c1ccc(Nc2ncnc3ccccc23)cc1,True,True,True,True,True,True,True,True,True,0,True,7.6788199599131595,True,True,0.6037735849056604,Fc1c(Cl)cccc1Nc1ncnc2cc3c(cc12)OCCO3,0.50-0.70 moderadamente similares,0,0,0,0,0.7395401,0.78555435,0.91502494,0.9934228,0.81542426,0.07141967,0.18684854,0.10974743,0.5071603,0.4871648,0.91713303,0.07836844,0.18198274,0.93870056,0.9999958,0.019711735,0.07033138,0.97485477,0.5682036,0.088485226,0.3729776,0.016891776,0.9599848,0.31309295,0.6743096,0.5033884,0.18440792,0.6542846,0.29262403,0.4702024,0.77593815,-4.663036,75.832016,63.632862,65.06036,-9.237172,2.7329776,3.6046906,93.83722,-4.8059015,9.018503,22.601054481546576,47.59226713532514,25.869947275922673,37.188049209138846,92.75922671353253,55.88752196836556,84.21792618629175,99.36731107205625,94.97363796133568,28.295254833040424,74.62214411247804,50.19332161687171,85.5536028119508,54.30579964850616,95.43057996485062,24.21792618629174,67.27592267135326,88.64674868189807,94.37609841827769,65.65905096660809,85.65905096660809,99.75395430579965,98.45342706502637,85.16695957820738,93.39191564147629,65.65905096660809,82.63620386643234,69.45518453427066,92.89982425307558,99.08611599297014,91.21265377855889,92.65377855887523,90.08787346221442,43.057996485061516,77.15289982425308,69.49033391915643,77.9261862917399,77.08260105448156,87.69771528998243,75.57117750439367,68.18980667838314,89.98242530755712,76.3444639718805,17.188049209138843,87.76801405975397,True,True,True,False,True,True,False,True,True,7,0.7777777777777778,False,0.3392857142857142,False,False,False,True,1.0,1.0,0.7884417662414381,1.0,0.3392857142857142,0.7777777777777778,0.8139011855711363
C=CC(=O)Nc1cc(Nc2ncc(C)cn2)c(OC)cc1N1CCOCC1,C=CC(=O)Nc1cc(Nc2ncc(C)cn2)c(OC)cc1N1CCOCC1,369.4250000000002,2.4983200000000005,2,7,88.61,6,3,27,0.7564147092802743,0,c1cnc(Nc2ccc(N3CCOCC3)cc2)nc1,True,True,True,True,True,True,True,True,True,0,True,7.182763321687197,True,True,0.6133333333333333,C=CC(=O)Nc1cc(Nc2nccc(Nc3ccccc3-n3nccn3)n2)c(OC)cc1N1CCOCC1,0.50-0.70 moderadamente similares,0,0,1,2,0.14317498,0.26271194,0.9161706,0.08447641,0.09459615,0.24426074,0.12414964,0.04674047,0.015005191,0.42597812,0.17116764,0.11566426,0.3509966,0.98139495,0.9913515,0.018174011,0.062028706,0.34040293,0.11041961,0.024059126,0.1344542,0.026021302,0.55386,0.13109049,0.2792514,0.18916589,0.022539465,0.14753531,0.21818812,0.09190571,0.43734488,-4.9839373,36.667824,35.476837,25.249502,-15.475584,2.7041261,2.3574283,80.36271,-3.9369302,5.302287,22.601054481546576,47.59226713532514,66.52021089630932,95.07908611599298,36.520210896309315,16.379613356766257,84.49912126537787,53.18101933216169,50.790861159929705,78.6291739894552,68.75219683655537,29.244288224956065,30.68541300527241,48.43585237258348,65.48330404217927,35.289982425307564,83.23374340949034,95.99297012302286,40.52724077328647,63.76098418277681,82.91739894551846,88.57644991212655,76.52021089630932,58.875219683655544,70.68541300527241,71.49384885764499,36.27416520210897,56.20386643233744,69.17398945518454,93.35676625659052,57.25834797891037,69.34973637961336,86.01054481546574,3.0579964850615116,59.75395430579965,46.67838312829526,54.48154657293498,58.48857644991213,64.4639718804921,32.40773286467487,66.15114235500879,68.04920913884007,56.098418277680146,33.53251318101933,75.64147627416521,True,False,True,True,True,True,True,True,True,8,0.8888888888888888,False,0.3392857142857142,False,False,False,True,0.7885088811247982,1.0,0.7564147092802743,1.0,0.3392857142857142,0.8888888888888888,0.7567609024755124
CCc1ncnc(Nc2ccc(F)c(C#N)c2)c1OC,CCc1ncnc(Nc2ccc(F)c(C#N)c2)c1OC,272.283,2.8019800000000012,1,5,70.83,4,2,20,0.9262265033531881,0,c1ccc(Nc2ccncn2)cc1,True,True,True,True,True,True,True,True,True,0,True,6.598890090271932,True,False,0.4852941176470588,COCCOc1cc2ncnc(Nc3ccc(F)c(C#N)c3)c2c2c1OCCO2,0.35-0.50 novedosas razonables,0,0,0,0,0.39466873,0.7449879,0.935579,0.9123389,0.39118665,0.15909204,0.17343377,0.13705237,0.030911565,0.60946643,0.568575,0.0825956,0.11798327,0.94717866,0.9999722,0.010099301,0.038519662,0.81181747,0.14369377,0.019724108,0.1370183,0.0061326837,0.968174,0.06829332,0.28892103,0.19611299,0.04234674,0.21273646,0.083206914,0.32335624,0.40178642,-4.349555,75.75487,52.51252,26.721355,-8.941082,2.551008,2.2802086,70.48803,-3.5121014,2.13329,22.601054481546576,47.59226713532514,25.869947275922673,37.188049209138846,69.8066783831283,52.5834797891037,91.56414762741653,95.2548330404218,80.52724077328648,59.22671353251319,73.46221441124781,58.101933216168725,41.44112478031635,68.7170474516696,84.78031634446398,25.237258347978912,55.39543057996485,90.01757469244289,84.4639718804921,47.697715289982426,67.83831282952549,98.38312829525483,81.12478031634447,54.1652021089631,71.38840070298771,49.068541300527244,86.25659050966608,49.03339191564148,69.77152899824253,93.67311072056239,68.89279437609842,74.62214411247804,69.8066783831283,24.323374340949037,57.85588752196837,90.4042179261863,77.89103690685414,70.40421792618629,65.83479789103691,76.87170474516697,56.62565905096661,67.24077328646749,46.39718804920914,41.82776801405976,56.344463971880494,True,True,True,True,True,True,True,True,True,9,1.0,True,0.3392857142857142,False,False,False,True,0.39926006018128807,1.0,0.9262265033531881,1.0,0.3392857142857142,1.0,0.6765691364145076
COc1cc(OC)cc(C(Nc2cc(N3CCOCC3)ncn2)c2ncn(C(C)C)c2C)c1,COc1cc(OC)cc(C(Nc2cc(N3CCOCC3)ncn2)c2ncn(C(C)C)c2C)c1,452.5590000000002,3.617720000000003,1,8,86.56,8,4,33,0.5546661222914232,0,c1ccc(C(Nc2cc(N3CCOCC3)ncn2)c2c[nH]cn2)cc1,True,True,True,True,True,True,True,True,True,0,True,6.48215309538823,True,False,0.3472222222222222,O=C(O)CCCC(=O)Nc1cc(N2CCOCC2)ncn1,0.25-0.35 lejanas,1,0,0,0,0.0668285,0.5542156,0.971053,0.073515736,0.44861478,0.2058218,0.34715223,0.1803366,0.017648036,0.85171777,0.84707433,0.032932788,0.22283626,0.94054556,0.9999914,0.0010274919,0.012151114,0.14281438,0.0853274,0.002583072,0.01968901,0.0016830137,0.9661313,0.36399472,0.10813771,0.018825384,0.004349852,0.038306154,0.008858723,0.03575214,0.7850021,-5.26798,80.22023,96.48325,36.71833,-14.79998,2.4865766,3.4917977,95.067085,-4.503973,10.709166,55.32513181019333,47.59226713532514,25.869947275922673,37.188049209138846,18.277680140597543,36.977152899824254,99.29701230228471,51.17750439367312,83.16344463971882,71.24780316344464,83.55008787346222,65.23725834797892,33.21616871704745,97.29349736379615,92.86467486818981,13.005272407732866,72.65377855887523,88.99824253075572,91.07205623901582,5.588752196836555,23.866432337434098,76.69595782073814,72.82952548330405,8.084358523725836,1.5114235500878737,25.20210896309315,85.27240773286468,72.091388400703,46.18629173989456,63.198594024604574,25.20210896309315,51.45869947275923,27.978910369068544,0.6326889279437611,77.9261862917399,32.196836555360285,79.75395430579965,89.03339191564149,73.77855887521969,36.41476274165203,53.04042179261863,88.50615114235502,79.05096660808437,22.671353251318102,91.17750439367312,True,True,True,True,True,True,False,True,True,8,0.8888888888888888,False,0.3556835300025106,False,False,False,False,0.32143539692548667,0.9920634920634921,0.5546661222914232,1.0,0.3556835300025106,0.8888888888888888,0.5884656561202743
COc1cc2ncnc(Nc3ccc(F)c(Cl)c3)c2cc1OC1CC2(COC2)C1,COc1cc2ncnc(Nc3ccc(F)c(Cl)c3)c2cc1OC1CC2(COC2)C1,415.8520000000003,4.732300000000003,1,6,65.50000000000001,5,5,29,0.6493527194242041,0,c1ccc(Nc2ncnc3ccc(OC4CC5(COC5)C4)cc23)cc1,True,True,True,True,True,True,True,True,True,0,True,7.3605644762965605,True,True,0.7068965517241379,COc1cc2ncnc(Nc3ccc(F)c(Cl)c3)c2cc1OC,0.70-0.85 análogos cercanos,0,0,0,0,0.4324031,0.7229645,0.9324236,0.62489665,0.5671514,0.16873305,0.28821436,0.15619817,0.111580685,0.71001595,0.7632955,0.055189848,0.32057554,0.9641296,0.9999647,0.02356219,0.0607687,0.7905438,0.47377858,0.045183286,0.23925456,0.028170774,0.9473874,0.70007896,0.6209227,0.4097208,0.07179921,0.5412178,0.30186564,0.150547,0.8552985,-4.865172,52.830303,54.91283,98.97025,-11.607415,3.013254,3.7776482,97.22831,-5.526092,12.318651,22.601054481546576,47.59226713532514,25.869947275922673,37.188049209138846,72.89982425307558,50.474516695957824,90.82601054481547,84.9560632688928,87.59226713532514,62.17926186291741,80.35149384885766,61.652021089630935,62.14411247803164,82.24956063268894,90.08787346221442,17.750439367311074,81.12478031634447,92.75922671353253,82.84710017574693,70.15817223198594,82.46045694200352,98.27768014059755,97.5395430579965,73.14586994727593,86.74868189806679,72.75922671353251,77.5395430579965,85.30755711775045,90.4042179261863,98.31282952548331,78.73462214411248,89.45518453427066,90.61511423550088,7.521968365553604,83.23374340949034,54.90333919156415,65.90509666080844,72.091388400703,94.13005272407733,57.961335676625666,82.42530755711776,92.16168717047452,83.47978910369069,8.189806678383128,93.32161687170475,True,True,True,True,True,True,False,True,True,8,0.8888888888888888,False,0.3392857142857142,False,False,False,True,0.907042984197707,1.0,0.6493527194242041,1.0,0.3392857142857142,0.8888888888888888,0.7762618349189744
Nc1ncc(CN2CCN(c3ccc(F)c(Cl)c3)CC2)s1,Nc1ncc(CN2CCN(c3ccc(F)c(Cl)c3)CC2)s1,326.8280000000001,2.8400000000000007,1,5,45.39,3,3,21,0.9417823586881355,0,c1ccc(N2CCN(Cc3cncs3)CC2)cc1,True,True,True,True,True,True,True,True,True,0,True,6.491466366729854,True,False,0.33783783783783783,CC(C)n1c(Nc2ccc(F)c(Cl)c2)nc2cnc(Nc3ccc(N4CCN(C)CC4)cc3)nc21,0.25-0.35 lejanas,0,0,0,0,0.20412354,0.9540018,0.8351825,0.8266369,0.87205064,0.20484646,0.5436933,0.39190054,0.65480983,0.69334996,0.44276714,0.15138866,0.3680033,0.58898515,0.9999572,0.009922596,0.020325324,0.40665132,0.15025751,0.02753253,0.11995983,0.011205251,0.9647074,0.45209455,0.24580903,0.03633119,0.052737575,0.2164292,0.051077694,0.399843,0.86453056,-4.5128527,46.933945,32.8226,36.675713,-10.722046,3.1970272,3.1157944,88.32594,-4.2142034,8.002133,22.601054481546576,47.59226713532514,25.869947275922673,37.188049209138846,47.59226713532514,79.29701230228471,59.367311072056246,91.9859402460457,96.62565905096662,70.96660808435853,91.28295254833041,82.00351493848858,88.8224956063269,79.75395430579965,80.21089630931459,46.18629173989456,84.49912126537787,59.964850615114244,81.195079086116,47.205623901581724,41.15992970123023,90.61511423550088,81.72231985940246,61.72231985940247,66.36203866432338,59.75395430579965,84.63971880492092,75.95782073813709,66.50263620386644,72.68892794376099,73.46221441124781,74.83304042179263,60.77328646748683,33.84885764499121,83.79613356766258,81.12478031634447,61.40597539543059,56.20386643233744,73.77855887521969,65.02636203866433,88.04920913884008,81.44112478031636,66.78383128295255,27.768014059753956,84.9560632688928,True,True,True,True,True,True,False,True,True,8,0.8888888888888888,False,0.3392857142857142,False,False,False,False,0.32764424448656965,0.9652509652509653,0.9417823586881355,1.0,0.3392857142857142,0.8888888888888888,0.6410943036828677
O=C(NCC1CCC2(CCC2)CO1)c1ccc2ccncc2c1,O=C(NCC1CCC2(CCC2)CO1)c1ccc2ccncc2c1,310.397,3.313900000000002,1,3,51.22,3,4,23,0.9459666300298075,0,O=C(NCC1CCC2(CCC2)CO1)c1ccc2ccncc2c1,True,True,True,True,True,True,True,True,True,0,True,6.1640658461947675,True,False,0.325,Cc1ccc(NC(=O)c2ccc(CN3CCN(C)CC3)cc2)cc1-c1ccc2ccncc2c1,0.25-0.35 lejanas,1,0,0,0,0.45669222,0.94295585,0.90130013,0.54478633,0.16232738,0.24745286,0.10303161,0.4794592,0.27045828,0.59874815,0.5227694,0.0941107,0.5829819,0.56545794,0.9999043,0.028996442,0.082866915,0.30152234,0.09394987,0.018658673,0.10564699,0.0063327453,0.9304355,0.2600408,0.17212054,0.08615927,0.046439473,0.03523498,0.050304174,0.35194746,0.7536253,-4.8030195,42.733814,24.463062,14.492968,-11.994921,2.6257493,2.2994025,77.00699,-3.3880706,2.3294835,55.32513181019333,47.59226713532514,25.869947275922673,37.188049209138846,75.2548330404218,76.41476274165203,79.47275922671353,82.1792618629174,61.05448154657294,79.19156414762742,66.11599297012303,86.08084358523726,75.78207381370827,67.6274165202109,83.40949033391917,28.295254833040424,95.3602811950791,58.418277680140605,74.44639718804922,74.6572934973638,88.50615114235502,86.81898066783832,74.23550087873463,52.93497363796134,59.613356766256594,49.8066783831283,72.51318101933217,66.39718804920915,57.785588752196844,84.04217926186293,71.10720562390159,50.08787346221442,60.246045694200355,27.55711775043937,75.7469244288225,59.050966608084366,59.08611599297013,48.787346221441126,48.189806678383135,54.93848857644992,61.61687170474517,67.45166959578208,53.00527240773287,44.32337434094904,57.9261862917399,True,True,True,True,False,True,False,True,True,7,0.7777777777777778,False,0.3392857142857142,False,False,False,False,0.10937723079651167,0.9285714285714287,0.9459666300298075,1.0,0.3392857142857142,0.7777777777777778,0.5596287986640596
O=C(Nc1cc2c(Nc3cccc(Br)c3)ncnc2cn1)Nc1nc2n(n1)CCCC2,O=C(Nc1cc2c(Nc3cccc(Br)c3)ncnc2cn1)Nc1nc2n(n1)CCCC2,480.33000000000027,4.102700000000002,3,7,122.54,4,5,31,0.4019900556360737,0,O=C(Nc1cc2c(Nc3ccccc3)ncnc2cn1)Nc1nc2n(n1)CCCC2,True,True,True,True,True,True,True,True,True,0,True,7.768092179121568,True,True,0.5571428571428572,C=CC(=O)Nc1cc2c(Nc3cccc(Br)c3)ncnc2cn1,0.50-0.70 moderadamente similares,0,0,0,0,0.22059599,0.35994262,0.8899298,0.7764577,0.22773513,0.14713107,0.24915883,0.023799296,0.10804023,0.50591147,0.46714348,0.27261382,0.35960847,0.99818546,0.9984126,0.0133280605,0.024283236,0.86976373,0.33144814,0.043073494,0.33052665,0.033159863,0.80392313,0.4332102,0.75649273,0.47634116,0.065572366,0.71271694,0.5288025,0.12930615,0.7775867,-5.2462034,12.370771,18.269938,102.94438,-17.658663,2.5478706,3.2920895,94.9657,-5.0460787,8.928968,22.601054481546576,47.59226713532514,25.869947275922673,37.188049209138846,50.22847100175748,22.70650263620387,75.21968365553603,90.33391915641477,67.90861159929702,55.149384885764505,78.55887521968366,19.648506151142357,61.75746924428823,56.660808435852374,81.33567662565906,72.9701230228471,83.83128295254834,99.68365553602813,52.26713532513182,55.04393673110721,48.36555360281196,98.94551845342707,93.56766256590511,72.23198594024605,92.16168717047452,74.62214411247804,52.337434094903344,75.00878734622145,95.60632688927944,98.94551845342707,77.39894551845343,93.91915641476275,96.76625659050967,5.483304042179262,77.36379613356767,33.63796133567663,28.224956063268895,42.741652021089635,94.62214411247804,23.2688927943761,56.379613356766264,85.0615114235501,78.73462214411248,13.673110720562391,87.48681898066785,True,True,True,True,True,True,False,True,True,8,0.8888888888888888,False,0.3392857142857142,False,False,False,True,1.0,1.0,0.4019900556360737,1.0,0.3392857142857142,0.8888888888888888,0.7670445400914427
